<?xml version="1.0" encoding="UTF-8"?>
<odoo>
  <data noupdate="1">
    <record id="menu_theme_nice" model="website.menu">
      <field name="name">Theme Demo</field>
      <field name="url">/theme</field>
      <field name="parent_id" ref="website.main_menu" />
      <field name="sequence" type="int">10</field>
    </record>
  </data>
  <data>
    <template id="website.theme" name="Nice">
      <t t-call="website.layout">
        <div id="page-top" />
        <!-- Header -->
        <header class="masthead oe_structure">
          <div class="container">
            <div class="intro-text">
              <div class="intro-lead-in">Welcome To Our Studio!</div>
              <div class="intro-heading text-uppercase">It's Nice To Meet You</div>
              <a class="btn btn-primary btn-xl text-uppercase js-scroll-trigger" href="#services">Tell Me More</a>
            </div>
          </div>
        </header>
        <!-- Services -->
        <section id="services" class="oe_structure">
          <div class="container">
            <div class="row">
              <div class="col-lg-12 text-center">
                <h2 class="section-heading text-uppercase">Services</h2>
                <h3 class="section-subheading text-muted">Lorem ipsum dolor sit amet consectetur.</h3>
              </div>
            </div>
            <div class="row text-center">
              <div class="col-md-4">
                <span class="fa-stack fa-4x">
                  <i class="fa fa-circle fa-stack-2x text-primary"></i>
                  <i class="fa fa-shopping-cart fa-stack-1x fa-inverse"></i>
                </span>
                <h4 class="service-heading">E-Commerce</h4>
                <p class="text-muted">Lorem ipsum dolor sit amet, consectetur adipisicing elit. Minima maxime quam architecto quo inventore harum ex magni, dicta impedit.</p>
              </div>
              <div class="col-md-4">
                <span class="fa-stack fa-4x">
                  <i class="fa fa-circle fa-stack-2x text-primary"></i>
                  <i class="fa fa-laptop fa-stack-1x fa-inverse"></i>
                </span>
                <h4 class="service-heading">Responsive Design</h4>
                <p class="text-muted">Lorem ipsum dolor sit amet, consectetur adipisicing elit. Minima maxime quam architecto quo inventore harum ex magni, dicta impedit.</p>
              </div>
              <div class="col-md-4">
                <span class="fa-stack fa-4x">
                  <i class="fa fa-circle fa-stack-2x text-primary"></i>
                  <i class="fa fa-lock fa-stack-1x fa-inverse"></i>
                </span>
                <h4 class="service-heading">Web Security</h4>
                <p class="text-muted">Lorem ipsum dolor sit amet, consectetur adipisicing elit. Minima maxime quam architecto quo inventore harum ex magni, dicta impedit.</p>
              </div>
            </div>
          </div>
        </section>
        <!-- Portfolio Grid -->
        <section class="bg-light oe_structure" id="portfolio">
          <div class="container">
            <div class="row">
              <div class="col-lg-12 text-center">
                <h2 class="section-heading text-uppercase">Portfolio</h2>
                <h3 class="section-subheading text-muted">Lorem ipsum dolor sit amet consectetur.</h3>
              </div>
            </div>
            <div class="row">
              <div class="col-md-4 col-sm-6 portfolio-item">
                <a class="portfolio-link" data-toggle="modal" href="#portfolioModal1">
                  <div class="portfolio-hover">
                    <div class="portfolio-hover-content">
                      <i class="fa fa-plus fa-3x"></i>
                    </div>
                  </div>
                  <img class="img img-responsive" src="/theme_nice_bootstrap/static/src/img/portfolio/01-thumbnail.jpg" alt="" />
                </a>
                <div class="portfolio-caption">
                  <h4>Threads</h4>
                  <p class="text-muted">Illustration</p>
                </div>
              </div>
              <div class="col-md-4 col-sm-6 portfolio-item">
                <a class="portfolio-link" data-toggle="modal" href="#portfolioModal2">
                  <div class="portfolio-hover">
                    <div class="portfolio-hover-content">
                      <i class="fa fa-plus fa-3x"></i>
                    </div>
                  </div>
                  <img class="img img-responsive" src="/theme_nice_bootstrap/static/src/img/portfolio/02-thumbnail.jpg" alt="" />
                </a>
                <div class="portfolio-caption">
                  <h4>Explore</h4>
                  <p class="text-muted">Graphic Design</p>
                </div>
              </div>
              <div class="col-md-4 col-sm-6 portfolio-item">
                <a class="portfolio-link" data-toggle="modal" href="#portfolioModal3">
                  <div class="portfolio-hover">
                    <div class="portfolio-hover-content">
                      <i class="fa fa-plus fa-3x"></i>
                    </div>
                  </div>
                  <img class="img img-responsive" src="/theme_nice_bootstrap/static/src/img/portfolio/03-thumbnail.jpg" alt="" />
                </a>
                <div class="portfolio-caption">
                  <h4>Finish</h4>
                  <p class="text-muted">Identity</p>
                </div>
              </div>
              <div class="col-md-4 col-sm-6 portfolio-item">
                <a class="portfolio-link" data-toggle="modal" href="#portfolioModal4">
                  <div class="portfolio-hover">
                    <div class="portfolio-hover-content">
                      <i class="fa fa-plus fa-3x"></i>
                    </div>
                  </div>
                  <img class="img img-responsive" src="/theme_nice_bootstrap/static/src/img/portfolio/04-thumbnail.jpg" alt="" />
                </a>
                <div class="portfolio-caption">
                  <h4>Lines</h4>
                  <p class="text-muted">Branding</p>
                </div>
              </div>
              <div class="col-md-4 col-sm-6 portfolio-item">
                <a class="portfolio-link" data-toggle="modal" href="#portfolioModal5">
                  <div class="portfolio-hover">
                    <div class="portfolio-hover-content">
                      <i class="fa fa-plus fa-3x"></i>
                    </div>
                  </div>
                  <img class="img img-responsive" src="/theme_nice_bootstrap/static/src/img/portfolio/05-thumbnail.jpg" alt="" />
                </a>
                <div class="portfolio-caption">
                  <h4>Southwest</h4>
                  <p class="text-muted">Website Design</p>
                </div>
              </div>
              <div class="col-md-4 col-sm-6 portfolio-item">
                <a class="portfolio-link" data-toggle="modal" href="#portfolioModal6">
                  <div class="portfolio-hover">
                    <div class="portfolio-hover-content">
                      <i class="fa fa-plus fa-3x"></i>
                    </div>
                  </div>
                  <img class="img img-responsive" src="/theme_nice_bootstrap/static/src/img/portfolio/06-thumbnail.jpg" alt="" />
                </a>
                <div class="portfolio-caption">
                  <h4>Window</h4>
                  <p class="text-muted">Photography</p>
                </div>
              </div>
            </div>
          </div>
        </section>
        <!-- About -->
        <section id="about" class="oe_structure">
          <div class="container">
            <div class="row">
              <div class="col-lg-12 text-center">
                <h2 class="section-heading text-uppercase">About</h2>
                <h3 class="section-subheading text-muted">Lorem ipsum dolor sit amet consectetur.</h3>
              </div>
            </div>
            <div class="row">
              <div class="col-lg-12">
                <ul class="timeline">
                  <li>
                    <div class="timeline-image">
                      <img class="rounded-circle img img-responsive" src="/theme_nice_bootstrap/static/src/img/about/1.jpg" alt="" />
                    </div>
                    <div class="timeline-panel">
                      <div class="timeline-heading">
                        <h4>2009-2011</h4>
                        <h4 class="subheading">Our Humble Beginnings</h4>
                      </div>
                      <div class="timeline-body">
                        <p class="text-muted">Lorem ipsum dolor sit amet, consectetur adipisicing elit. Sunt ut voluptatum eius sapiente, totam reiciendis temporibus qui quibusdam, recusandae sit vero unde, sed, incidunt et ea quo dolore laudantium consectetur!</p>
                      </div>
                    </div>
                  </li>
                  <li class="timeline-inverted">
                    <div class="timeline-image">
                      <img class="rounded-circle img img-responsive" src="/theme_nice_bootstrap/static/src/img/about/2.jpg" alt="" />
                    </div>
                    <div class="timeline-panel">
                      <div class="timeline-heading">
                        <h4>March 2011</h4>
                        <h4 class="subheading">An Agency is Born</h4>
                      </div>
                      <div class="timeline-body">
                        <p class="text-muted">Lorem ipsum dolor sit amet, consectetur adipisicing elit. Sunt ut voluptatum eius sapiente, totam reiciendis temporibus qui quibusdam, recusandae sit vero unde, sed, incidunt et ea quo dolore laudantium consectetur!</p>
                      </div>
                    </div>
                  </li>
                  <li>
                    <div class="timeline-image">
                      <img class="rounded-circle img img-responsive" src="/theme_nice_bootstrap/static/src/img/about/3.jpg" alt="" />
                    </div>
                    <div class="timeline-panel">
                      <div class="timeline-heading">
                        <h4>December 2012</h4>
                        <h4 class="subheading">Transition to Full Service</h4>
                      </div>
                      <div class="timeline-body">
                        <p class="text-muted">Lorem ipsum dolor sit amet, consectetur adipisicing elit. Sunt ut voluptatum eius sapiente, totam reiciendis temporibus qui quibusdam, recusandae sit vero unde, sed, incidunt et ea quo dolore laudantium consectetur!</p>
                      </div>
                    </div>
                  </li>
                  <li class="timeline-inverted">
                    <div class="timeline-image">
                      <img class="rounded-circle img img-responsive" src="/theme_nice_bootstrap/static/src/img/about/4.jpg" alt="" />
                    </div>
                    <div class="timeline-panel">
                      <div class="timeline-heading">
                        <h4>July 2014</h4>
                        <h4 class="subheading">Phase Two Expansion</h4>
                      </div>
                      <div class="timeline-body">
                        <p class="text-muted">Lorem ipsum dolor sit amet, consectetur adipisicing elit. Sunt ut voluptatum eius sapiente, totam reiciendis temporibus qui quibusdam, recusandae sit vero unde, sed, incidunt et ea quo dolore laudantium consectetur!</p>
                      </div>
                    </div>
                  </li>
                  <li class="timeline-inverted">
                    <div class="timeline-image">
                      <h4>Be Part
                        <br/>Of Our
                        <br/>Story!</h4>
                    </div>
                  </li>
                </ul>
              </div>
            </div>
          </div>
        </section>
        <!-- Team -->
        <section class="bg-light oe_structure" id="team">
          <div class="container">
            <div class="row">
              <div class="col-lg-12 text-center">
                <h2 class="section-heading text-uppercase">Our Amazing Team</h2>
                <h3 class="section-subheading text-muted">Lorem ipsum dolor sit amet consectetur.</h3>
              </div>
            </div>
            <div class="row">
              <div class="col-sm-4">
                <div class="team-member">
                  <img class="mx-auto rounded-circle" src="/theme_nice_bootstrap/static/src/img/team/1.jpg" alt="" />
                  <h4>Kay Garland</h4>
                  <p class="text-muted">Lead Designer</p>
                  <ul class="list-inline social-buttons">
                    <li class="list-inline-item">
                      <a href="#">
                        <i class="fa fa-twitter"></i>
                      </a>
                    </li>
                    <li class="list-inline-item">
                      <a href="#">
                        <i class="fa fa-facebook"></i>
                      </a>
                    </li>
                    <li class="list-inline-item">
                      <a href="#">
                        <i class="fa fa-linkedin"></i>
                      </a>
                    </li>
                  </ul>
                </div>
              </div>
              <div class="col-sm-4">
                <div class="team-member">
                  <img class="mx-auto rounded-circle" src="/theme_nice_bootstrap/static/src/img/team/2.jpg" alt="" />
                  <h4>Larry Parker</h4>
                  <p class="text-muted">Lead Marketer</p>
                  <ul class="list-inline social-buttons">
                    <li class="list-inline-item">
                      <a href="#">
                        <i class="fa fa-twitter"></i>
                      </a>
                    </li>
                    <li class="list-inline-item">
                      <a href="#">
                        <i class="fa fa-facebook"></i>
                      </a>
                    </li>
                    <li class="list-inline-item">
                      <a href="#">
                        <i class="fa fa-linkedin"></i>
                      </a>
                    </li>
                  </ul>
                </div>
              </div>
              <div class="col-sm-4">
                <div class="team-member">
                  <img class="mx-auto rounded-circle" src="/theme_nice_bootstrap/static/src/img/team/3.jpg" alt="" />
                  <h4>Diana Pertersen</h4>
                  <p class="text-muted">Lead Developer</p>
                  <ul class="list-inline social-buttons">
                    <li class="list-inline-item">
                      <a href="#">
                        <i class="fa fa-twitter"></i>
                      </a>
                    </li>
                    <li class="list-inline-item">
                      <a href="#">
                        <i class="fa fa-facebook"></i>
                      </a>
                    </li>
                    <li class="list-inline-item">
                      <a href="#">
                        <i class="fa fa-linkedin"></i>
                      </a>
                    </li>
                  </ul>
                </div>
              </div>
            </div>
            <div class="row">
              <div class="col-lg-offset-2 col-lg-8 text-center">
                <p class="large text-muted">Lorem ipsum dolor sit amet, consectetur adipisicing elit. Aut eaque, laboriosam veritatis, quos non quis ad perspiciatis, totam corporis ea, alias ut unde.</p>
              </div>
            </div>
          </div>
        </section>
        <!-- Clients -->
        <section class="py-5 oe_structure" style="padding: 50px;">
          <div class="container">
            <div class="row">
              <div class="col-md-3 col-sm-6">
                <a href="#">
                  <img class="img-fluid d-block mx-auto" src="/theme_nice_bootstrap/static/src/img/logos/envato.jpg" alt="" />
                </a>
              </div>
              <div class="col-md-3 col-sm-6">
                <a href="#">
                  <img class="img-fluid d-block mx-auto" src="/theme_nice_bootstrap/static/src/img/logos/designmodo.jpg" alt="" />
                </a>
              </div>
              <div class="col-md-3 col-sm-6">
                <a href="#">
                  <img class="img-fluid d-block mx-auto" src="/theme_nice_bootstrap/static/src/img/logos/themeforest.jpg" alt="" />
                </a>
              </div>
              <div class="col-md-3 col-sm-6">
                <a href="#">
                  <img class="img-fluid d-block mx-auto" src="/theme_nice_bootstrap/static/src/img/logos/creative-market.jpg" alt="" />
                </a>
              </div>
            </div>
          </div>
        </section>
        <!-- Contact -->
        <section id="contact" class="oe_structure">
          <div class="container">
            <div class="row">
              <div class="col-lg-12 text-center">
                <h2 class="section-heading text-uppercase">Contact Us</h2>
                <h3 class="section-subheading text-muted">Lorem ipsum dolor sit amet consectetur.</h3>
              </div>
            </div>
            <div class="row">
              <div class="col-lg-12">
                <form action="/website_form/" method="post" data-model_name="crm.lead" data-success_page="/contactus-thank-you" class="s_website_form cont-form" enctype="multipart/form-data" data-editable-form="false">
                  <div class="row">
                    <div class="col-md-6">
                      <div class="form-group">
                        <input type="text" class="form-control o_website_form_input" name="contact_name" t-att-value="request.params.get('contact_name', '')" required="" placeholder="Your Name*" />
                        <p class="help-block text-danger"></p>
                      </div>
                      <div class="form-group">
                        <input type="text" class="form-control o_website_form_input" name="email_from" required="" t-att-value="request.params.get('email_from', '')" placeholder="Your Email*" />
                        <p class="help-block text-danger"></p>
                      </div>
                      <div class="form-group">
                        <input type="text" class="form-control o_website_form_input" name="phone" t-att-value="request.params.get('phone', '')" placeholder="Phone Number*" />
                        <p class="help-block text-danger"></p>
                      </div>
                    </div>
                    <div class="col-md-6">
                      <div class="form-group">
                        <input type="text" class="form-control o_website_form_input" name="name" required="" t-att-value="request.params.get('name', '')" placeholder="Subject *" />
                        <p class="help-block text-danger"></p>
                      </div>
                      <div class="form-group">
                        <textarea class="form-control o_website_form_input" name="description" required="" placeholder="Your Massage*">
                          <t t-esc="request.params.get('description', '')" />
                        </textarea>
                        <p class="help-block text-danger"></p>
                      </div>
                    </div>
                    <div class="clearfix"></div>
                    <div class="col-lg-12 text-center">
                      <span class="btn btn-primary btn-xl text-uppercase o_website_form_send">Send Message</span>
                      <span id="o_website_form_result"></span>
                      <!-- <div id="success"></div>
                      <button id="sendMessageButton" class="btn btn-primary btn-xl text-uppercase" type="submit">Send Message</button> -->
                    </div>
                  </div>
                </form>
              </div>
            </div>
          </div>
        </section>
        <div class="oe_structure" />
        <!-- Portfolio Modals -->
        <!-- Modal 1 -->
        <div class="portfolio-modal modal fade" id="portfolioModal1" tabindex="-1" role="dialog" aria-hidden="true">
          <div class="modal-dialog">
            <div class="modal-content">
              <div class="close-modal" data-dismiss="modal">
                <div class="lr">
                  <div class="rl"></div>
                </div>
              </div>
              <div class="container">
                <div class="row">
                  <div class="col-lg-12 mx-auto">
                    <div class="modal-body">
                      <!-- Project Details Go Here -->
                      <h2 class="text-uppercase">Project Name</h2>
                      <p class="item-intro text-muted">Lorem ipsum dolor sit amet consectetur.</p>
                      <img class="img-fluid d-block mx-auto" src="/theme_nice_bootstrap/static/src/img/portfolio/01-full.jpg" alt="" />
                      <p>Use this area to describe your project. Lorem ipsum dolor sit amet, consectetur adipisicing elit. Est blanditiis dolorem culpa incidunt minus dignissimos deserunt repellat aperiam quasi sunt officia expedita beatae cupiditate, maiores repudiandae, nostrum, reiciendis facere nemo!</p>
                      <ul class="list-inline">
                        <li>Date: January 2017</li>
                        <li>Client: Threads</li>
                        <li>Category: Illustration</li>
                      </ul>
                      <button class="btn btn-primary" data-dismiss="modal" type="button">
                        <i class="fa fa-times"></i>
                        Close Project</button>
                    </div>
                  </div>
                </div>
              </div>
            </div>
          </div>
        </div>
        <!-- Modal 2 -->
        <div class="portfolio-modal modal fade" id="portfolioModal2" tabindex="-1" role="dialog" aria-hidden="true">
          <div class="modal-dialog">
            <div class="modal-content">
              <div class="close-modal" data-dismiss="modal">
                <div class="lr">
                  <div class="rl"></div>
                </div>
              </div>
              <div class="container">
                <div class="row">
                  <div class="col-lg-12 mx-auto">
                    <div class="modal-body">
                      <!-- Project Details Go Here -->
                      <h2 class="text-uppercase">Project Name</h2>
                      <p class="item-intro text-muted">Lorem ipsum dolor sit amet consectetur.</p>
                      <img class="img-fluid d-block mx-auto" src="/theme_nice_bootstrap/static/src/img/portfolio/02-full.jpg" alt="" />
                      <p>Use this area to describe your project. Lorem ipsum dolor sit amet, consectetur adipisicing elit. Est blanditiis dolorem culpa incidunt minus dignissimos deserunt repellat aperiam quasi sunt officia expedita beatae cupiditate, maiores repudiandae, nostrum, reiciendis facere nemo!</p>
                      <ul class="list-inline">
                        <li>Date: January 2017</li>
                        <li>Client: Explore</li>
                        <li>Category: Graphic Design</li>
                      </ul>
                      <button class="btn btn-primary" data-dismiss="modal" type="button">
                        <i class="fa fa-times"></i>
                        Close Project</button>
                    </div>
                  </div>
                </div>
              </div>
            </div>
          </div>
        </div>
        <!-- Modal 3 -->
        <div class="portfolio-modal modal fade" id="portfolioModal3" tabindex="-1" role="dialog" aria-hidden="true">
          <div class="modal-dialog">
            <div class="modal-content">
              <div class="close-modal" data-dismiss="modal">
                <div class="lr">
                  <div class="rl"></div>
                </div>
              </div>
              <div class="container">
                <div class="row">
                  <div class="col-lg-12 mx-auto">
                    <div class="modal-body">
                      <!-- Project Details Go Here -->
                      <h2 class="text-uppercase">Project Name</h2>
                      <p class="item-intro text-muted">Lorem ipsum dolor sit amet consectetur.</p>
                      <img class="img-fluid d-block mx-auto" src="/theme_nice_bootstrap/static/src/img/portfolio/03-full.jpg" alt="" />
                      <p>Use this area to describe your project. Lorem ipsum dolor sit amet, consectetur adipisicing elit. Est blanditiis dolorem culpa incidunt minus dignissimos deserunt repellat aperiam quasi sunt officia expedita beatae cupiditate, maiores repudiandae, nostrum, reiciendis facere nemo!</p>
                      <ul class="list-inline">
                        <li>Date: January 2017</li>
                        <li>Client: Finish</li>
                        <li>Category: Identity</li>
                      </ul>
                      <button class="btn btn-primary" data-dismiss="modal" type="button">
                        <i class="fa fa-times"></i>
                        Close Project</button>
                    </div>
                  </div>
                </div>
              </div>
            </div>
          </div>
        </div>
        <!-- Modal 4 -->
        <div class="portfolio-modal modal fade" id="portfolioModal4" tabindex="-1" role="dialog" aria-hidden="true">
          <div class="modal-dialog">
            <div class="modal-content">
              <div class="close-modal" data-dismiss="modal">
                <div class="lr">
                  <div class="rl"></div>
                </div>
              </div>
              <div class="container">
                <div class="row">
                  <div class="col-lg-12 mx-auto">
                    <div class="modal-body">
                      <!-- Project Details Go Here -->
                      <h2 class="text-uppercase">Project Name</h2>
                      <p class="item-intro text-muted">Lorem ipsum dolor sit amet consectetur.</p>
                      <img class="img-fluid d-block mx-auto" src="/theme_nice_bootstrap/static/src/img/portfolio/04-full.jpg" alt="" />
                      <p>Use this area to describe your project. Lorem ipsum dolor sit amet, consectetur adipisicing elit. Est blanditiis dolorem culpa incidunt minus dignissimos deserunt repellat aperiam quasi sunt officia expedita beatae cupiditate, maiores repudiandae, nostrum, reiciendis facere nemo!</p>
                      <ul class="list-inline">
                        <li>Date: January 2017</li>
                        <li>Client: Lines</li>
                        <li>Category: Branding</li>
                      </ul>
                      <button class="btn btn-primary" data-dismiss="modal" type="button">
                        <i class="fa fa-times"></i>
                        Close Project</button>
                    </div>
                  </div>
                </div>
              </div>
            </div>
          </div>
        </div>
        <!-- Modal 5 -->
        <div class="portfolio-modal modal fade" id="portfolioModal5" tabindex="-1" role="dialog" aria-hidden="true">
          <div class="modal-dialog">
            <div class="modal-content">
              <div class="close-modal" data-dismiss="modal">
                <div class="lr">
                  <div class="rl"></div>
                </div>
              </div>
              <div class="container">
                <div class="row">
                  <div class="col-lg-12 mx-auto">
                    <div class="modal-body">
                      <!-- Project Details Go Here -->
                      <h2 class="text-uppercase">Project Name</h2>
                      <p class="item-intro text-muted">Lorem ipsum dolor sit amet consectetur.</p>
                      <img class="img-fluid d-block mx-auto" src="/theme_nice_bootstrap/static/src/img/portfolio/05-full.jpg" alt="" />
                      <p>Use this area to describe your project. Lorem ipsum dolor sit amet, consectetur adipisicing elit. Est blanditiis dolorem culpa incidunt minus dignissimos deserunt repellat aperiam quasi sunt officia expedita beatae cupiditate, maiores repudiandae, nostrum, reiciendis facere nemo!</p>
                      <ul class="list-inline">
                        <li>Date: January 2017</li>
                        <li>Client: Southwest</li>
                        <li>Category: Website Design</li>
                      </ul>
                      <button class="btn btn-primary" data-dismiss="modal" type="button">
                        <i class="fa fa-times"></i>
                        Close Project</button>
                    </div>
                  </div>
                </div>
              </div>
            </div>
          </div>
        </div>
        <!-- Modal 6 -->
        <div class="portfolio-modal modal fade" id="portfolioModal6" tabindex="-1" role="dialog" aria-hidden="true">
          <div class="modal-dialog">
            <div class="modal-content">
              <div class="close-modal" data-dismiss="modal">
                <div class="lr">
                  <div class="rl"></div>
                </div>
              </div>
              <div class="container">
                <div class="row">
                  <div class="col-lg-12 mx-auto">
                    <div class="modal-body">
                      <!-- Project Details Go Here -->
                      <h2 class="text-uppercase">Project Name</h2>
                      <p class="item-intro text-muted">Lorem ipsum dolor sit amet consectetur.</p>
                      <img class="img-fluid d-block mx-auto" src="/theme_nice_bootstrap/static/src/img/portfolio/06-full.jpg" alt="" />
                      <p>Use this area to describe your project. Lorem ipsum dolor sit amet, consectetur adipisicing elit. Est blanditiis dolorem culpa incidunt minus dignissimos deserunt repellat aperiam quasi sunt officia expedita beatae cupiditate, maiores repudiandae, nostrum, reiciendis facere nemo!</p>
                      <ul class="list-inline">
                        <li>Date: January 2017</li>
                        <li>Client: Window</li>
                        <li>Category: Photography</li>
                      </ul>
                      <button class="btn btn-primary" data-dismiss="modal" type="button">
                        <i class="fa fa-times"></i>
                        Close Project</button>
                    </div>
                  </div>
                </div>
              </div>
            </div>
          </div>
        </div>
      </t>
    </template>
    <record id="theme_nice_page" model="website.page">
      <field name="url">/theme</field>
      <field name="website_published">True</field>
      <field name="view_id" ref="website.theme" />
    </record>
  </data>
</odoo>